varíar	1
resumido	1
miras	1
esto	1
principios	1
fría	1
es	1
clave	1
as	1
benigno	1
art	1
experto	1
bruto	1
señoría	1
precursor	1
beneficiado	1
sustantivo	1
hablé	1
seguimiento	1
vean	1
característica	1
acogida	1
noveno	1
toda	1
escape	1
constancia	1
mira	1
médico	1
periódico	1
filial	1
hito	1
móvil	1
habla	1
paternidad	1
provecho	1
c	1
indio	1
opuesta	1
puesta	1
cigarrillo	1
vaya	1
tela	1
extremo	1
combustible	1
revivir	1
cuarto	1
primo	1
b	1
convocatoria	1
llamamiento	1
plural	1
comisionado	1
tasa	1
cooperación	1
acento	1
corrar	1
naranja	1
precedente	1
adelantado	1
turco	1
relieve	1
voluntario	1
parecierar	1
suizo	1
grueso	1
sucesivamente	1
lavado	1
prevención	1
escaño	1
irónico	1
encantado	1
depositario	1
felicitar	1
ironía	1
transporte	1
fuerar	1
forzoso	1
impuesto	1
énfasis	1
identidad	1
interrumpido	1
niña	1
apartado	1
equipaje	1
mono	1
coyuntura	1
tesoro	1
ímpetu	1
demócrata	1
aparte	1
material	1
investigador	1
mercenario	1
extinción	1
patente	1
favor	1
tutor	1
acta	1
satélite	1
inconcebible	1
uniforme	1
dado	1
referido	1
conjunto	1
inglés	1
pasajero	1
contraste	1
reforzado	1
expectativa	1
divorcio	1
meta	1
verdura	1
factura	1
capita	1
despedido	1
d	1
larga	1
comprador	1
remesa	1
convenido	1
derecho	1
temprano	1
toma	1
profesora	1
captura	1
coalición	1
consistente	1
proporcionado	1
extrañar	1
reiterar	1
rugir	1
concertado	1
aliado	1
laguna	1
titular	1
sintetizar	1
muchacha	1
crédito	1
reflejo	1
párrafo	1
lamento	1
solicitado	1
inflexión	1
imparcialidad	1
imprescindible	1
sigar	1
mediación	1
unido	1
alimento	1
azotar	1
auxiliar	1
grabado	1
genial	1
sumar	1
austeridad	1
droga	1
escrito	1
dependiente	1
seguridad	1
acierto	1
bar	1
redondear	1
gestión	1
caballero	1
aplauso	1
desarrollo	1
licencia	1
causante	1
irlandés	1
cuarta	1
poblado	1
satisfacción	1
escéptico	1
canon	1
tercer	1
restante	1
figura	1
partícula	1
era	1
merced	1
complacido	1
distinción	1
desarrollado	1
entusiasmado	1
omitir	1
volcar	1
divisa	1
preámbulo	1
montón	1
expresión	1
renglón	1
indicado	1
detenido	1
cinturón	1
rara	1
local	1
alojamiento	1
vista	1
agradecido	1
estarer	1
parto	1
portal	1
asilo	1
farmacéutico	1
ilustrar	1
proyectado	1
cursar	1
remontar	1
vuelo	1
cartera	1
asistido	1
violencia	1
letrado	1
salud	1
impulsado	1
agregado	1
residente	1
marino	1
socorro	1
producto	1
ejecución	1
agradecimiento	1
contingente	1
huelga	1
miembro	1
respetado	1
estallido	1
figurar	1
reproducción	1
incertidumbre	1
elogiar	1
empeñado	1
presentación	1
vivar	1
tomo	1
alternativa	1
ayuda	1
martes	1
misión	1
conformidad	1
faltar	1
interrogatorio	1
empleo	1
preferido	1
virtud	1
quieres	1
estadística	1
prisionero	1
agotado	1
trascender	1
rondar	1
prórroga	1
fantasma	1
especialidad	1
trabajador	1
red	1
correctivo	1
ruta	1
queso	1
pesca	1
amparo	1
adquisición	1
rango	1
pase	1
sesión	1
gratitud	1
revuelta	1
perjudicial	1
reticencia	1
episodio	1
registro	1
grupo	1
alcance	1
cerner	1
tregua	1
sea	1
terminado	1
acuerdo	1
fabricante	1
derivado	1
argumentar	1
sentado	1
lamentable	1
inhumano	1
economista	1
capitalista	1
sacudir	1
descarga	1
contradecir	1
resolución	1
lástima	1
gabinete	1
ejemplar	1
protegido	1
inclusive	1
eximir	1
chiste	1
aludir	1
tardar	1
cepa	1
abrigar	1
sectario	1
vea	1
acreditado	1
falsificación	1
intimidad	1
convencido	1
instalado	1
fibra	1
visto	1
capítulo	1
demanda	1
pensión	1
mejorado	1
pacto	1
plazo	1
aceptado	1
poseedor	1
decisión	1
tensión	1
pasivo	1
décimo	1
detención	1
nombrado	1
energía	1
ingenuo	1
idear	1
estimar	1
circulación	1
contrastar	1
solicitud	1
defensa	1
ancho	1
informe	1
atener	1
lícito	1
revista	1
vigor	1
desgracia	1
condenado	1
acordado	1
señora	1
cero	1
síntesis	1
madurez	1
oscilar	1
príncipe	1
mediano	1
lujo	1
debido	1
pago	1
riñón	1
refuerzo	1
invento	1
niñez	1
duración	1
coincidir	1
reprimir	1
educado	1
imperativo	1
trabajo	1
imaginar	1
comunicación	1
curva	1
repetición	1
demandar	1
tratado	1
intérprete	1
favorecido	1
añadido	1
hueco	1
preocupado	1
nombre	1
concluido	1
tarjeta	1
carretera	1
foco	1
fondo	1
achicar	1
consejo	1
articular	1
mineral	1
iluminación	1
persuasión	1
equivocado	1
maniobra	1
contar	1
franco	1
postura	1
bloque	1
dicho	1
tráfico	1
afuera	1
velocidad	1
compañía	1
flecha	1
ensayo	1
sancionar	1
preso	1
pedido	1
valentía	1
dato	1
enfermera	1
coraje	1
corrección	1
comisario	1
litigio	1
competir	1
heredero	1
autorización	1
banco	1
telón	1
afiliado	1
barra	1
conductor	1
gobernado	1
incorporado	1
censura	1
antecesor	1
antecedente	1
original	1
anotar	1
fallecimiento	1
desarmar	1
pasaporte	1
mirar	1
perseverancia	1
exhibir	1
buena	1
asegurado	1
máximo	1
intermediario	1
cargo	1
publicación	1
bendición	1
ejercicio	1
colocación	1
desempeño	1
obra	1
clausura	1
expulsado	1
autora	1
oler	1
respiro	1
configuración	1
artículo	1
voto	1
conveniente	1
residencia	1
modificado	1
congratular	1
vislumbrar	1
chocolate	1
protector	1
interrupción	1
ingresar	1
inscripción	1
respaldo	1
encomendar	1
carta	1
enumerar	1
perfil	1
obstruir	1
prometido	1
quiebra	1
campesino	1
nombramiento	1
reparto	1
presión	1
precaución	1
diferir	1
sujeto	1
proporción	1
analogía	1
después	1
aprecio	1
vigilancia	1
declive	1
surtir	1
legislador	1
atento	1
departamento	1
represalia	1
rendimiento	1
fijo	1
encomiar	1
regular	1
noticia	1
nivel	1
descrito	1
facultativo	1
danza	1
austriaco	1
semilla	1
rezagado	1
viruela	1
excelencia	1
mora	1
ascenso	1
vivienda	1
fortalecer	1
fundador	1
umbral	1
sanción	1
espera	1
estimación	1
apertura	1
competencia	1
cuento	1
presidente	1
concedar	1
anciano	1
portador	1
activo	1
consternación	1
polo	1
culpar	1
impulso	1
servicio	1
incomprensible	1
afectar	1
portada	1
fuego	1
casco	1
estímulo	1
hecho	1
criticar	1
mueble	1
herir	1
imprenta	1
oficina	1
previsto	1
parado	1
superar	1
pensador	1
traslado	1
prolongación	1
fotografía	1
recorrido	1
satisfecho	1
mito	1
engaño	1
alejado	1
degradación	1
argumentación	1
futuro	1
depósito	1
frente	1
determinación	1
pelota	1
irregularidad	1
cerrado	1
saludar	1
revestir	1
dotar	1
cambio	1
presencia	1
arma	1
suelo	1
luna	1
abuso	1
reclamo	1
elaborar	1
compensación	1
ciego	1
rendición	1
movilidad	1
casta	1
chino	1
oferta	1
etapa	1
acceder	1
adaptar	1
totalidad	1
onda	1
rechazo	1
ven	1
asesor	1
acrecentar	1
procedencia	1
jurado	1
consecuente	1
formación	1
selecto	1
gala	1
actitud	1
tiro	1
recortar	1
espacio	1
gigante	1
reflejar	1
asistente	1
secretario	1
dimisión	1
hundimiento	1
violación	1
credo	1
distancia	1
constituir	1
asalto	1
acreditar	1
avance	1
descubierto	1
ruido	1
empresario	1
prosperidad	1
paz	1
eficacia	1
paquete	1
pausa	1
manos	1
pastel	1
probable	1
comentar	1
inspector	1
prohibición	1
impulsar	1
campeón	1
tonto	1
necesitado	1
operación	1
privación	1
resumir	1
concepción	1
absorber	1
listo	1
ansiedad	1
asociado	1
viajero	1
intuición	1
insurgente	1
alabar	1
registrar	1
embarazo	1
lealtad	1
flexibilidad	1
castigado	1
terminación	1
presunto	1
desigualdad	1
examen	1
ineficaz	1
orgulloso	1
permiso	1
dependencia	1
creador	1
inspeccionar	1
reunido	1
realismo	1
rayo	1
secreto	1
ocupación	1
tocante	1
ingrediente	1
millón	1
cuanto	1
alza	1
ansioso	1
distribución	1
aspirar	1
endurecer	1
trazado	1
emigrar	1
cáncer	1
proyectar	1
apostar	1
vínculo	1
transcurrir	1
diferenciar	1
indiferencia	1
quebrar	1
esparcimiento	1
tornar	1
sugerir	1
contrato	1
calor	1
señalar	1
exento	1
exhortar	1
deuda	1
observador	1
inclinado	1
custodia	1
cerebro	1
ahorro	1
deseado	1
cautela	1
queja	1
farsa	1
corredor	1
agrado	1
participación	1
firmado	1
negociación	1
coincidencia	1
sostenido	1
propuesto	1
frustrado	1
rehén	1
región	1
protesta	1
esclavo	1
tono	1
llevado	1
mentira	1
refugio	1
impaciencia	1
interesado	1
entretenimiento	1
venta	1
mercancía	1
resto	1
aire	1
exigente	1
recomendar	1
superfluo	1
apuesta	1
responsable	1
gracia	1
precio	1
sorprendente	1
disuadir	1
abarcar	1
muchísimo	1
magistrado	1
contento	1
congregar	1
maduro	1
disco	1
persecución	1
recurso	1
tanto	1
pese	1
manifiesto	1
desierto	1
cifra	1
cruz	1
sorprendido	1
gracioso	1
bombardeo	1
declinar	1
recepción	1
aplazamiento	1
avanzar	1
francés	1
lamentar	1
gemelo	1
rutina	1
media	1
candidato	1
indiferente	1
acertar	1
eje	1
emigración	1
probado	1
cumbre	1
acompañado	1
vacante	1
ligero	1
acostumbrado	1
afín	1
longitud	1
destreza	1
plano	1
fuerza	1
intensidad	1
disposición	1
complicar	1
contemplar	1
mediar	1
crudo	1
impotente	1
empresa	1
comisión	1
restablecimiento	1
rechazado	1
puesto	1
molestar	1
nieto	1
tortura	1
archivo	1
nostalgia	1
adhesión	1
gitano	1
disculpa	1
paseo	1
inquietud	1
consignar	1
llenar	1
desafío	1
órden	1
zona	1
debajo	1
ingreso	1
cometido	1
envuelto	1
aguja	1
abonar	1
variación	1
tímido	1
miércoles	1
contingencia	1
correspondencia	1
sumido	1
redacción	1
mercado	1
despreciar	1
deseoso	1
asestar	1
infinidad	1
simetría	1
calificado	1
dispersión	1
muestra	1
asegurar	1
fase	1
vehículo	1
complacer	1
masa	1
accesorio	1
arsenal	1
senador	1
furia	1
fruta	1
gesto	1
deshacer	1
tránsito	1
destituir	1
referente	1
n	1
votar	1
inscribir	1
daño	1
abstener	1
recompensa	1
inquieto	1
anticipo	1
movimiento	1
canal	1
suponer	1
explícito	1
palanca	1
inaugurar	1
concerniente	1
notar	1
propiedad	1
demostrar	1
diversión	1
estar	1
firma	1
enlace	1
envejecer	1
fluido	1
guiar	1
restar	1
reserva	1
pérdida	1
fragmento	1
reservado	1
armonizar	1
renuncia	1
atrocidad	1
elegido	1
lema	1
monstruo	1
reconciliación	1
promover	1
cubierta	1
tutela	1
inocencia	1
alivio	1
memoria	1
interior	1
equivaler	1
rebelión	1
homicidio	1
tentativa	1
pesimista	1
mujer	1
oposición	1
afectado	1
medio	1
rigidez	1
acusado	1
espectáculo	1
mencionado	1
convenio	1
tender	1
política	1
modelo	1
caja	1
liquidación	1
tripulación	1
pretexto	1
origen	1
remisión	1
desastre	1
partir	1
reconocido	1
pareja	1
embarcación	1
actuar	1
indignación	1
ficción	1
temporal	1
aumento	1
infundir	1
delito	1
carga	1
amistad	1
contracción	1
solidez	1
análisis	1
riesgo	1
descanso	1
supuesto	1
amenaza	1
personal	1
garantizar	1
obedecer	1
rúbrica	1
cubrir	1
proyecto	1
complemento	1
inventor	1
espectro	1
suma	1
sufrimiento	1
recibo	1
específico	1
curso	1
recoger	1
imposibilidad	1
proximidad	1
propagar	1
cadena	1
proclamar	1
abeja	1
diputado	1
descuido	1
recomendado	1
apropiar	1
marea	1
fotógrafo	1
raíz	1
forjar	1
cita	1
médula	1
eco	1
negligencia	1
celebración	1
ministerio	1
utilidad	1
sincero	1
género	1
matiz	1
mostrar	1
escritor	1
cara	1
excusa	1
rogar	1
atmósfera	1
dispersar	1
barril	1
corporación	1
fianza	1
empuje	1
escatimar	1
marroquí	1
libertad	1
sábado	1
intento	1
ajustado	1
unitario	1
rodeo	1
túnel	1
prosperar	1
coral	1
considerado	1
filósofo	1
fruto	1
así	1
plantear	1
deplorar	1
nido	1
derecha	1
preservar	1
banda	1
ámbito	1
agitación	1
conducta	1
compra	1
particularidad	1
anuncio	1
objeto	1
reinar	1
calcular	1
comunicado	1
importar	1
adaptado	1
grado	1
exterminio	1
muro	1
tenedor	1
sonrisa	1
soberano	1
balanza	1
herido	1
prenda	1
periodismo	1
repleto	1
atentar	1
paralelo	1
pensamiento	1
ritual	1
relación	1
rédito	1
hongo	1
líquido	1
diplomático	1
cólera	1
culpa	1
maldición	1
sucesión	1
negativa	1
denominación	1
gasto	1
cuadro	1
juventud	1
descendiente	1
concordancia	1
auto	1
brecha	1
redoblar	1
sexto	1
regreso	1
foro	1
marcha	1
vecindad	1
crecimiento	1
clasificar	1
juzgado	1
proteger	1
trato	1
niño	1
incapaz	1
residir	1
menudo	1
contaminar	1
inquietar	1
sueldo	1
determinar	1
sobrevivir	1
gente	1
escalar	1
representación	1
remediar	1
desplomar	1
capacidad	1
lazo	1
admiración	1
encarar	1
solar	1
rival	1
comparación	1
cerveza	1
mosca	1
presentado	1
abusar	1
penitenciario	1
crear	1
cuantía	1
vendido	1
amplitud	1
replicar	1
usar	1
evidente	1
pedir	1
pagado	1
destruido	1
acatar	1
acción	1
ostentar	1
asistencia	1
preferencia	1
deudor	1
datar	1
cuidadoso	1
traición	1
acostumbrar	1
criminal	1
agradecer	1
imprevisto	1
cálculo	1
adverso	1
sabio	1
realzar	1
pez	1
tema	1
quinto	1
guerrero	1
aplaudir	1
disculpar	1
corona	1
grasa	1
contribuyente	1
portar	1
bueno	1
goce	1
lista	1
oficial	1
arrasar	1
asemejar	1
confesión	1
preocupación	1
noción	1
calificar	1
vela	1
dispuesto	1
subsistencia	1
sufrido	1
cuidado	1
sucio	1
Señor	1
adherir	1
unión	1
negocio	1
justo	1
ingeniero	1
desenlace	1
exploración	1
visitante	1
mosquito	1
alarma	1
protagonista	1
estación	1
justicia	1
incoherente	1
índice	1
consulta	1
átomo	1
relato	1
jugador	1
reglamento	1
decreto	1
intención	1
alejamiento	1
emisión	1
verificar	1
facción	1
desnudo	1
poema	1
protección	1
medicina	1
encarnar	1
núcleo	1
abanico	1
constituido	1
crianza	1
reacción	1
cuenta	1
transición	1
trayecto	1
lanzado	1
conflicto	1
decretar	1
torno	1
ánimo	1
proseguir	1
orador	1
preparado	1
har	1
objetivo	1
vigilante	1
divulgar	1
caso	1
táctica	1
recogido	1
partida	1
presidir	1
proyección	1
inundar	1
referencia	1
pelea	1
matanza	1
caber	1
contraer	1
medida	1
prestado	1
organizar	1
corteza	1
medicamento	1
placer	1
influencia	1
distribuir	1
reina	1
exceder	1
contravenir	1
partido	1
capital	1
topar	1
separado	1
cuerda	1
centenar	1
resolver	1
abandono	1
popularidad	1
cómodo	1
guerrilla	1
anónimo	1
vecindario	1
escultura	1
enviado	1
paciente	1
complacencia	1
invitado	1
ocupado	1
tontería	1
informado	1
rezar	1
imaginación	1
mensaje	1
filtrar	1
enorgullecer	1
oer	1
contratista	1
alrededor	1
suprimir	1
versión	1
agujero	1
mando	1
mezquita	1
alcanzado	1
programa	1
variar	1
diplomacia	1
barato	1
constar	1
ojiva	1
soportar	1
audacia	1
calidad	1
derivar	1
apogeo	1
florecer	1
embajador	1
presenciar	1
aversión	1
fatiga	1
reclusión	1
verter	1
sangre	1
cortesía	1
nadar	1
desembocar	1
adorar	1
recompensar	1
república	1
corroborar	1
allanar	1
retroceder	1
hijo	1
pistola	1
fuga	1
resaltar	1
cena	1
cómplice	1
soborno	1
griego	1
tendencia	1
combinar	1
marca	1
defensor	1
lograr	1
aplicación	1
caos	1
pescado	1
carro	1
confusión	1
compasión	1
pantalla	1
impunidad	1
oleada	1
dilema	1
temor	1
temer	1
motivar	1
realizado	1
arquitectura	1
crítica	1
conforme	1
basura	1
aguantar	1
propaganda	1
internar	1
conciencia	1
concebir	1
chica	1
aroma	1
escala	1
reducir	1
salto	1
liquidar	1
rastro	1
expresar	1
grabar	1
subordinado	1
callejón	1
respiración	1
cuestión	1
exagerado	1
lindo	1
tren	1
arroz	1
asesinar	1
placa	1
ambiente	1
igualar	1
acentuar	1
accidente	1
norma	1
sacudido	1
vejez	1
permanencia	1
celebrado	1
viceversa	1
sorpresa	1
banquero	1
economía	1
respecto	1
vapor	1
instinto	1
aficionado	1
entendido	1
procedimiento	1
hermana	1
abundancia	1
actualidad	1
vuelta	1
asolar	1
descansar	1
ganado	1
sorprender	1
prevenir	1
vestido	1
testigo	1
confiado	1
dividir	1
verdad	1
contrario	1
fundamento	1
sucedido	1
simular	1
amante	1
polémico	1
pesimismo	1
barbarie	1
caída	1
exigir	1
espada	1
harina	1
explotación	1
antes	1
subida	1
triunfo	1
encantador	1
demostración	1
asesinado	1
estimado	1
utilizar	1
amarillo	1
cauce	1
desecho	1
castigo	1
salvaje	1
correcto	1
confesar	1
viernes	1
cultivo	1
autorizado	1
afianzar	1
salida	1
cocina	1
ridículo	1
invitar	1
derroche	1
caro	1
componer	1
fijado	1
ligado	1
juicio	1
traducción	1
rumbo	1
prestamista	1
botella	1
persistir	1
justificado	1
oportunidad	1
mejora	1
entregado	1
ceguera	1
mudar	1
patata	1
angustia	1
anunciado	1
prudencia	1
general	1
diversidad	1
cruzar	1
vacío	1
fanatismo	1
detallado	1
describir	1
formular	1
realización	1
orden	1
margen	1
saqueo	1
acarrear	1
destinar	1
atrapar	1
asamblea	1
interés	1
tarde	1
bárbaro	1
contradictorio	1
bloqueo	1
interpretar	1
fallo	1
atraer	1
colaboración	1
periodista	1
expuesto	1
músculo	1
casualidad	1
aliento	1
humo	1
tumba	1
contado	1
repetir	1
hija	1
locura	1
fecha	1
moneda	1
plan	1
huir	1
comprobar	1
pozo	1
mandato	1
hallazgo	1
exagerar	1
atado	1
odio	1
consagrar	1
receta	1
escena	1
afrontar	1
cruzado	1
anillo	1
pabellón	1
siquiera	1
discreción	1
materia	1
inconveniente	1
judío	1
suspensión	1
arreglo	1
criterio	1
engañoso	1
atajar	1
aterrador	1
aferrar	1
frío	1
evocar	1
órgano	1
incidente	1
desmoronar	1
paralizado	1
divertir	1
veterano	1
apreciar	1
tenor	1
reproducir	1
alcanzar	1
motivado	1
ira	1
atravesar	1
colmar	1
atributo	1
instituto	1
frontera	1
ideología	1
ilustrado	1
suscitar	1
resultar	1
conmovedor	1
manzana	1
virtuoso	1
adquirido	1
culto	1
octavo	1
hipocresía	1
objetar	1
autor	1
seno	1
habilidad	1
concedido	1
regularidad	1
invertir	1
suceder	1
detener	1
salvo	1
cónyuge	1
cantante	1
desperdicio	1
compuesto	1
seguro	1
optimismo	1
conferencia	1
sentenciar	1
entrada	1
lluvia	1
convicción	1
derrota	1
costumbre	1
víctima	1
sala	1
vecino	1
munición	1
gato	1
prensa	1
santuario	1
vivir	1
respirar	1
estancia	1
investigación	1
escepticismo	1
monumento	1
atracción	1
destrozar	1
monarquía	1
encargado	1
ensayar	1
escándalo	1
tratamiento	1
tremendo	1
escudo	1
superioridad	1
estallar	1
distinguir	1
expulsión	1
planta	1
techo	1
embajada	1
joven	1
prever	1
efecto	1
casado	1
atribuir	1
renta	1
alimentado	1
compromiso	1
resistencia	1
designar	1
página	1
diente	1
lentitud	1
agrupar	1
gastado	1
enfrentar	1
vocación	1
volumen	1
costa	1
procurar	1
durar	1
educación	1
jurisdicción	1
reflexión	1
retirada	1
fundir	1
desilusión	1
destino	1
papá	1
carrera	1
entrega	1
esclavitud	1
elefante	1
comprendido	1
retroceso	1
lengua	1
significar	1
insistencia	1
preliminar	1
tribuna	1
patrón	1
oír	1
ascender	1
deliberar	1
tigre	1
rabia	1
desprender	1
terror	1
arriesgar	1
editor	1
plaga	1
situar	1
servidor	1
extracción	1
claridad	1
velar	1
incluir	1
ritmo	1
alusión	1
suceso	1
organización	1
comunidad	1
renacimiento	1
interpretación	1
vengar	1
imperar	1
elogio	1
referir	1
inteligencia	1
eslabón	1
pasión	1
mecanismo	1
sal	1
apuntar	1
cansado	1
título	1
vergüenza	1
espectador	1
evasión	1
descenso	1
regir	1
abundar	1
unidad	1
personalidad	1
detalle	1
conservar	1
marcar	1
gloria	1
aproximación	1
enfermo	1
optimista	1
compensar	1
realizar	1
presidencia	1
conmoción	1
especie	1
defensivo	1
mar	1
motivo	1
navegación	1
cabello	1
requerir	1
añadir	1
monje	1
esperado	1
comportamiento	1
rebajar	1
suministrar	1
ilusorio	1
empujar	1
alianza	1
giro	1
infancia	1
helado	1
maternidad	1
secretaría	1
propósito	1
folleto	1
pensado	1
retórico	1
duro	1
amparar	1
corte	1
mina	1
sentido	1
indiscutible	1
administrador	1
lógico	1
calma	1
autoridad	1
desleal	1
distintivo	1
traducir	1
veloz	1
desempeñar	1
convocar	1
enmendar	1
alcohol	1
regla	1
propicio	1
reconciliar	1
manejar	1
gota	1
curiosidad	1
elegir	1
observado	1
iniciar	1
intencionado	1
sabor	1
disolver	1
combinación	1
atractivo	1
existir	1
tierra	1
estudiado	1
encaminar	1
perturbar	1
reducido	1
choque	1
corrupción	1
considerar	1
eliminar	1
emitir	1
fanático	1
flotar	1
indicio	1
titulado	1
responder	1
tejido	1
amenazar	1
conocido	1
mencionar	1
localidad	1
aviso	1
revelar	1
puerta	1
prestir	1
transcurrido	1
capricho	1
robo	1
molesto	1
atrevir	1
propuesta	1
actor	1
debilitado	1
mano	1
temperatura	1
premio	1
tentación	1
hembra	1
ejercer	1
destacar	1
acometer	1
izquierda	1
parásito	1
dictadura	1
despegar	1
reto	1
descender	1
hipótesis	1
órbita	1
incapacidad	1
deseo	1
heroína	1
señal	1
revés	1
sustitución	1
espiral	1
sostener	1
inundación	1
desacuerdo	1
inspirar	1
perdón	1
dominio	1
sumo	1
cuenca	1
rendir	1
restituir	1
deterioro	1
expediente	1
agradar	1
rebasar	1
documento	1
delincuente	1
pilar	1
sombrío	1
signo	1
definir	1
limpio	1
explotar	1
profeta	1
instalación	1
exigencia	1
calamidad	1
impotencia	1
campaña	1
concebido	1
relacionar	1
rebelar	1
expreso	1
aparato	1
fantástico	1
explicación	1
incompleto	1
votación	1
legislatura	1
recibido	1
magia	1
velo	1
introducción	1
camisa	1
contradicción	1
cuánto	1
pegar	1
fracasar	1
edición	1
jardín	1
humor	1
progreso	1
pretensión	1
sentencia	1
celebro	1
contenido	1
sospechoso	1
símbolo	1
disputa	1
limpieza	1
tradición	1
circular	1
aguardar	1
centro	1
funcionar	1
fresco	1
interesante	1
ente	1
pobreza	1
enseñanza	1
informar	1
elevación	1
oficio	1
cartel	1
absurdo	1
definido	1
degradar	1
cuna	1
cauteloso	1
imponer	1
garantía	1
alteración	1
vanguardia	1
adelantar	1
adelanto	1
sordo	1
aptitud	1
brutalidad	1
dominado	1
representado	1
cerciorar	1
contabilidad	1
prohibido	1
sistema	1
copia	1
papel	1
percibir	1
solo	1
ciudadano	1
enfriar	1
contener	1
limitar	1
indicación	1
héroe	1
información	1
riqueza	1
dolor	1
incierto	1
resucitar	1
desordenado	1
rama	1
vidrio	1
provisión	1
patrimonio	1
diligencia	1
tarea	1
encuentro	1
continente	1
discurso	1
codicia	1
criar	1
mezcla	1
toque	1
poesía	1
creencia	1
inspección	1
día	1
pregunta	1
término	1
habitante	1
importancia	1
conducir	1
vía	1
empeorar	1
corazón	1
observar	1
duradero	1
vestir	1
creación	1
anunciar	1
sendero	1
candidatura	1
plaza	1
lector	1
concierto	1
innegable	1
ejemplo	1
interesar	1
total	1
escolar	1
presumir	1
sí	1
novedad	1
disipar	1
vaso	1
resultado	1
objeción	1
orgullo	1
colección	1
asignar	1
mente	1
serio	1
guía	1
entidad	1
músico	1
puente	1
palo	1
razón	1
sacudida	1
lenguaje	1
remitir	1
ley	1
paralizar	1
llamada	1
aquéllo	1
escapar	1
sanguíneo	1
fallecer	1
despilfarro	1
período	1
organizado	1
ruso	1
convertir	1
milicia	1
acompañar	1
antepasado	1
armamento	0
progresista	0
opresión	0
fantasía	0
número	0
prontitud	0
preparación	0
protestar	0
indicativo	0
uso	0
sucesor	0
variedad	0
profundidad	0
declarado	0
comprometido	0
exponer	0
luchar	0
tribunal	0
organismo	0
caminar	0
esperar	0
bordo	0
ponderación	0
flexible	0
robusto	0
plantar	0
retórica	0
huérfano	0
hora	0
tolerar	0
aliviar	0
mesa	0
dibujar	0
bosque	0
almacén	0
espejo	0
bolsa	0
territorio	0
comparar	0
posibilidad	0
inventar	0
vendar	0
biblioteca	0
psicológico	0
encontrado	0
hombre	0
precipitar	0
camino	0
dictador	0
felicitación	0
tranquilidad	0
ordinario	0
cirujano	0
imprimir	0
pan	0
tío	0
prima	0
contacto	0
estudio	0
invadir	0
extraer	0
árbol	0
relajación	0
enmienda	0
peor	0
nacido	0
desesperación	0
seguido	0
arrogancia	0
embarcar	0
perfecto	0
gobernante	0
porción	0
teoría	0
dificultad	0
desorden	0
proceder	0
lotería	0
tablero	0
rodeado	0
recinto	0
reino	0
historiador	0
comercio	0
orquesta	0
animación	0
delantera	0
aplastar	0
caricatura	0
animado	0
jornada	0
firmeza	0
sensibilidad	0
lágrima	0
imperio	0
sometido	0
viuda	0
padecer	0
unánime	0
presupuesto	0
isla	0
parte	0
honor	0
trazar	0
consideración	0
huella	0
declaración	0
colina	0
demonio	0
huevo	0
examinar	0
sueño	0
epidemia	0
razonamiento	0
conocimiento	0
cristal	0
dignidad	0
delgado	0
vencedor	0
bastante	0
dañado	0
producir	0
gozar	0
impreso	0
restaurar	0
nota	0
adjudicar	0
cubierto	0
incondicional	0
credencial	0
andar	0
asociación	0
capitán	0
comerciante	0
nulo	0
apreciación	0
fumar	0
facilitar	0
aparición	0
transacción	0
jerarquía	0
interrumpir	0
respeto	0
consentir	0
fiel	0
pico	0
sombra	0
preparativo	0
concurso	0
rígido	0
mentir	0
preciso	0
azar	0
apresurar	0
sabiduría	0
congreso	0
conquistar	0
amiga	0
legado	0
indudable	0
sacerdote	0
rivalidad	0
ir	0
humillación	0
retirado	0
transmitir	0
aburrido	0
intermedio	0
parecer	0
estrella	0
dedo	0
penuria	0
esparcir	0
separación	0
peligro	0
esquina	0
enfermar	0
suspendido	0
heredado	0
comunicar	0
someter	0
terremoto	0
servir	0
renovación	0
hipoteca	0
capa	0
manifestación	0
ropa	0
complicidad	0
celebrar	0
honestidad	0
condenar	0
injusticia	0
derrotar	0
hundir	0
ronda	0
continuación	0
alcalde	0
debate	0
desenfrenado	0
manifestar	0
sospechar	0
apariencia	0
cohete	0
suicidio	0
abogado	0
prescribir	0
acceso	0
asunto	0
probabilidad	0
consagrado	0
cimiento	0
peso	0
entablar	0
mapa	0
paciencia	0
aprendido	0
botón	0
bote	0
gana	0
conservador	0
asociar	0
castigar	0
odiar	0
cuello	0
saquear	0
ofrecimiento	0
inacción	0
araña	0
intervenir	0
perdido	0
perseguido	0
rey	0
secuestrar	0
anular	0
entrañar	0
electo	0
muerte	0
agente	0
dueño	0
catálogo	0
culpable	0
fortaleza	0
ausencia	0
discusión	0
cabeza	0
sociedad	0
curioso	0
proponer	0
dinero	0
significado	0
acudir	0
italiano	0
aislamiento	0
silla	0
árabe	0
ahogar	0
descontento	0
aspecto	0
sensato	0
valer	0
fuera	0
entorpecer	0
pánico	0
convertido	0
dictado	0
herida	0
evidencia	0
resonar	0
comparecer	0
población	0
abordar	0
apoyar	0
risa	0
prestigio	0
encajar	0
robar	0
base	0
terreno	0
suicida	0
tesis	0
té	0
café	0
posible	0
diablo	0
admitir	0
mejorar	0
gobernar	0
solitario	0
audiencia	0
concuerdar	0
precisar	0
exhibición	0
disturbio	0
descifrar	0
adaptación	0
trigo	0
cinta	0
llave	0
sano	0
porqué	0
gravedad	0
disperso	0
abandonado	0
confianza	0
promulgar	0
conducto	0
difunto	0
cabo	0
oculto	0
conexión	0
misterio	0
requisito	0
diamante	0
estrategia	0
ordenado	0
compatible	0
advertencia	0
efectivo	0
dirección	0
desesperado	0
tragedia	0
discreto	0
mayoría	0
norte	0
descripción	0
océano	0
quejar	0
oir	0
límite	0
táctico	0
chocar	0
triunfar	0
heterogéneo	0
querido	0
armar	0
estimular	0
ocasión	0
ganancia	0
crecer	0
texto	0
transformación	0
felicidad	0
detrás	0
intervalo	0
grano	0
enojado	0
indicar	0
complicación	0
leal	0
acto	0
penetrar	0
espíritu	0
carencia	0
ruptura	0
ola	0
asombrar	0
dogma	0
disfrutar	0
edad	0
administrar	0
interlocutor	0
expirar	0
resuelto	0
fiebre	0
insulto	0
elevar	0
despojar	0
tabaco	0
descuidar	0
alargar	0
piel	0
domicilio	0
buscar	0
potencia	0
reparar	0
disparo	0
dimensión	0
compartir	0
alma	0
homenaje	0
estrechar	0
caracterizar	0
imposible	0
jueves	0
bien	0
alzar	0
escuchar	0
indirecto	0
aceite	0
dividido	0
taller	0
prisión	0
prescindir	0
alegrar	0
rehusar	0
ocasionar	0
tercio	0
mucho	0
acumular	0
consumir	0
lucir	0
varón	0
procedente	0
acortar	0
perpetuar	0
sentimiento	0
inequívoco	0
expansión	0
serer	0
próspero	0
dedicar	0
perspectiva	0
remedio	0
cura	0
fiesta	0
equivalente	0
multiplicar	0
avisar	0
estado	0
final	0
distraer	0
lógica	0
desconfianza	0
impresión	0
golpear	0
apartar	0
lucha	0
antemano	0
experiencia	0
llegado	0
costoso	0
silencio	0
pista	0
educar	0
realista	0
reconstruir	0
gustar	0
marido	0
inducir	0
vago	0
ataque	0
brevedad	0
diario	0
arrancar	0
recorrer	0
mérito	0
girar	0
funcionario	0
fórmula	0
preocupar	0
privar	0
inseguro	0
incorrecto	0
espalda	0
posesión	0
incompatible	0
moderación	0
ruina	0
elocuente	0
equidad	0
pasado	0
emoción	0
roto	0
feroz	0
pueblo	0
provechoso	0
asesino	0
prometer	0
conversión	0
urbano	0
aproximar	0
inercia	0
brillar	0
ignorar	0
cumplimiento	0
profesión	0
instruir	0
justamente	0
minar	0
dormir	0
optar	0
régimen	0
tomado	0
corriente	0
pro	0
conferir	0
conocer	0
alentado	0
perjudicar	0
punto	0
inevitable	0
pertenecer	0
fabricación	0
dañar	0
coche	0
perro	0
almuerzo	0
vear	0
fabuloso	0
acorde	0
museo	0
denunciar	0
controversia	0
introducido	0
bajada	0
respetar	0
donación	0
oveja	0
puntual	0
nervioso	0
director	0
siniestro	0
complicado	0
útil	0
huracán	0
rutinario	0
sesgo	0
especulación	0
atar	0
éxito	0
sencillo	0
minero	0
apretar	0
preferible	0
sonido	0
pescador	0
dosis	0
mezclar	0
dibujo	0
audaz	0
democracia	0
revisar	0
código	0
preparar	0
algo	0
dentro	0
esposa	0
pronunciamiento	0
lectura	0
billete	0
empezar	0
otorgar	0
iniciativa	0
duplicar	0
música	0
asomar	0
defecto	0
enfermedad	0
suposición	0
otoño	0
baile	0
dirigido	0
argumento	0
aplazar	0
tormenta	0
contratar	0
rectificar	0
escalera	0
esencial	0
acusación	0
soler	0
injusto	0
conspiración	0
hospitalario	0
cuidar	0
puñado	0
echar	0
olvidado	0
pescar	0
paisaje	0
consiguiente	0
acreedor	0
muerto	0
respuesta	0
síntoma	0
incurrir	0
personaje	0
alegar	0
teatro	0
pasaje	0
convencimiento	0
estrecho	0
conversar	0
pieza	0
hormiga	0
dorado	0
apetito	0
mirada	0
eludir	0
distinguido	0
domingo	0
honesto	0
horizonte	0
propietario	0
juguete	0
combatiente	0
hambre	0
obligación	0
individuo	0
impresionar	0
exterior	0
llamar	0
suavizar	0
desechar	0
setenta	0
retener	0
decisivo	0
bala	0
asesinato	0
explosión	0
escritorio	0
nervio	0
atraso	0
viajar	0
diminuto	0
revelación	0
publicidad	0
cubo	0
alemán	0
promesa	0
agotar	0
ausente	0
modelar	0
merecer	0
retrasar	0
tamaño	0
estructura	0
higiene	0
fino	0
paraíso	0
artista	0
gobierno	0
entusiasmo	0
opinión	0
calentar	0
redondo	0
mitad	0
pronunciar	0
pertenencia	0
combatir	0
arrastrar	0
religión	0
piano	0
recaer	0
concepto	0
decidir	0
aplicado	0
representante	0
soltar	0
hipócrita	0
comprometer	0
punta	0
cumplido	0
ofrecido	0
opinar	0
arriesgado	0
ocurrido	0
disponer	0
inclinación	0
albergar	0
administración	0
persona	0
salón	0
composición	0
tipo	0
representar	0
crimen	0
enterar	0
resentimiento	0
pronunciado	0
doblar	0
tropezar	0
poeta	0
aceptable	0
práctica	0
negación	0
cerrar	0
espinoso	0
apoyo	0
reloj	0
amable	0
matemático	0
reputación	0
compatriota	0
asiento	0
alta	0
arrojar	0
contentar	0
reparación	0
jurisprudencia	0
abuela	0
pelear	0
carne	0
descargar	0
incendio	0
esconder	0
borrar	0
lanzar	0
morir	0
realidad	0
invitación	0
llama	0
trámite	0
cualidad	0
falta	0
retiro	0
doctor	0
recuerdo	0
madre	0
desarrollar	0
crueldad	0
alimentar	0
ágil	0
desacreditar	0
valor	0
paso	0
hostilidad	0
doctrina	0
empleado	0
tranquilizar	0
malestar	0
favorecer	0
resumen	0
expresado	0
insignificante	0
rincón	0
senda	0
manejo	0
abismo	0
atentado	0
fenómeno	0
coro	0
continuado	0
gobernador	0
citado	0
guiado	0
hambriento	0
elección	0
modificar	0
dirijo	0
ojo	0
venidero	0
renovar	0
invasión	0
fijar	0
avivar	0
declarar	0
mixto	0
profesor	0
fundación	0
engañar	0
regalo	0
polémica	0
querer	0
vida	0
gastar	0
suspender	0
modificación	0
reformar	0
pie	0
dictar	0
egoísta	0
vez	0
liberal	0
asimilar	0
urgencia	0
despacho	0
valiente	0
sustituir	0
estúpido	0
encubierto	0
vergonzoso	0
contrabando	0
sello	0
busca	0
hígado	0
análogo	0
loco	0
atleta	0
error	0
humanidad	0
afirmar	0
anteponer	0
chico	0
agudo	0
afortunado	0
mala	0
tranquilo	0
gritar	0
matar	0
pintar	0
espontáneo	0
sustancia	0
honrar	0
oponer	0
carecer	0
río	0
resistir	0
visita	0
comandante	0
imagen	0
serie	0
entendimiento	0
extensión	0
magnitud	0
intervención	0
responsabilidad	0
adversario	0
caer	0
jugar	0
comentario	0
excepción	0
protestante	0
oído	0
concentrar	0
crítico	0
decir	0
confundir	0
recuperar	0
silencioso	0
dañino	0
reflexionar	0
africano	0
frase	0
incómodo	0
intolerable	0
meter	0
imaginario	0
marcado	0
corresponder	0
pastor	0
superficie	0
reconocer	0
reemplazar	0
destrucción	0
negociar	0
fortuna	0
escribir	0
conservación	0
agitar	0
aventura	0
pena	0
flotante	0
muchacho	0
imperioso	0
atención	0
atender	0
mundo	0
frecuencia	0
intacto	0
rotundo	0
parque	0
juego	0
libra	0
seriedad	0
torre	0
ministro	0
experimentar	0
inspirado	0
juez	0
disminuir	0
opaco	0
inmediato	0
bienestar	0
tribu	0
voz	0
década	0
portugués	0
arte	0
exposición	0
sucesivo	0
grito	0
grandioso	0
voluntad	0
contemporáneo	0
método	0
recordar	0
testimonio	0
conclusión	0
combate	0
certeza	0
hilo	0
cabal	0
invocar	0
horror	0
sustento	0
charla	0
cobrar	0
globo	0
alumno	0
costear	0
estilo	0
trabajar	0
séptimo	0
zapato	0
soñar	0
proveer	0
enviar	0
sitio	0
elemento	0
poco	0
justificar	0
hablar	0
pecado	0
fácil	0
cazador	0
cosecha	0
duda	0
posición	0
financiero	0
ceremonia	0
apuro	0
menor	0
mención	0
establecido	0
firmar	0
situación	0
batería	0
español	0
herramienta	0
levantamiento	0
designado	0
descubrimiento	0
acero	0
regresar	0
conformar	0
raza	0
vicioso	0
fin	0
aislado	0
tolerancia	0
demasiado	0
arquitecto	0
miedo	0
imposición	0
obligado	0
sinceridad	0
luz	0
afirmación	0
nombrar	0
etiqueta	0
aumentar	0
nacer	0
alentar	0
abstracto	0
préstamo	0
exactamente	0
definición	0
anarquía	0
exactitud	0
columna	0
divertido	0
división	0
acertado	0
proporcionar	0
colmo	0
labor	0
confirmar	0
partidario	0
evolución	0
hermano	0
incorporar	0
exceso	0
bando	0
instancia	0
cultivar	0
rescatar	0
temporada	0
iniciado	0
tiranía	0
conciliación	0
prematuro	0
turno	0
comparable	0
colgar	0
animal	0
ejecutar	0
libre	0
invención	0
cazar	0
catástrofe	0
empeño	0
aprobación	0
idioma	0
aportar	0
ceder	0
acercar	0
consumado	0
dulce	0
novela	0
interponer	0
libro	0
disolución	0
pila	0
presa	0
acelerar	0
descubrir	0
idéntico	0
golpe	0
lección	0
aprobar	0
asentar	0
cliente	0
dirigir	0
construcción	0
celda	0
fe	0
sonar	0
expedición	0
destinado	0
institución	0
riego	0
heredar	0
balance	0
ambicioso	0
efectuar	0
complementario	0
alarmante	0
bola	0
feliz	0
hábito	0
crisis	0
evadir	0
tabla	0
cerdo	0
infierno	0
rebelde	0
repente	0
esfera	0
condicional	0
sur	0
reforma	0
respetuoso	0
vencer	0
provocar	0
musulmán	0
asombroso	0
pesadilla	0
laboratorio	0
insistir	0
independencia	0
contribuir	0
traje	0
apoderar	0
igual	0
sensación	0
pronóstico	0
razonable	0
filosofía	0
ocultar	0
comienzo	0
contienda	0
fuente	0
humanitario	0
ya	0
drama	0
obrar	0
celeridad	0
extinguir	0
baja	0
señor	0
traducido	0
entusiasta	0
excluir	0
completar	0
igualdad	0
guardia	0
genio	0
confiar	0
convenir	0
armonía	0
ventana	0
sector	0
franja	0
grandeza	0
criatura	0
vendedor	0
ilustración	0
librar	0
perjuicio	0
desaparición	0
novia	0
encargar	0
navegar	0
correr	0
desatar	0
comenzar	0
construir	0
amenazado	0
cargar	0
fingir	0
improvisado	0
geografía	0
extraño	0
viaje	0
plato	0
gusto	0
carbón	0
pata	0
deducir	0
matrimonio	0
transparencia	0
demora	0
expansivo	0
delante	0
expulsar	0
ineludible	0
vender	0
increíble	0
susceptible	0
precisión	0
dominación	0
sed	0
círculo	0
fiscal	0
cínico	0
lunes	0
cantar	0
vaca	0
tercero	0
viejo	0
retirar	0
percepción	0
conciliar	0
pagar	0
vital	0
aprendizaje	0
decidido	0
bailar	0
capaz	0
concretar	0
necesario	0
provenir	0
urgir	0
trivial	0
policía	0
debilitar	0
victoria	0
extendido	0
vacilar	0
aparecer	0
fabricar	0
millar	0
acordar	0
presentar	0
catalán	0
encantar	0
abrumador	0
desafiar	0
correo	0
maestro	0
acusar	0
reparo	0
broma	0
gas	0
consistir	0
sofocar	0
piedra	0
fama	0
autoritario	0
liberación	0
planeta	0
disparar	0
ahorrar	0
inspiración	0
desaparecer	0
caridad	0
orilla	0
publicar	0
continuo	0
fila	0
previsión	0
consejero	0
armado	0
sección	0
compañera	0
aplicar	0
polvo	0
presunción	0
desprecio	0
actividad	0
apelar	0
dilación	0
moda	0
participar	0
averiguar	0
rumor	0
acontecimiento	0
comprender	0
notorio	0
visible	0
rechazar	0
perdonar	0
arruinar	0
medir	0
cárcel	0
erupción	0
instantáneo	0
milagro	0
buque	0
republicano	0
cercanía	0
sufrir	0
agravar	0
templo	0
rienda	0
despedir	0
denominar	0
usado	0
diálogo	0
oración	0
creer	0
precipicio	0
cuerpo	0
trascendencia	0
color	0
principio	0
abandonar	0
campamento	0
plomo	0
retrato	0
lleno	0
frágil	0
ofender	0
establecer	0
arraigado	0
sucumbir	0
circunstancia	0
cívico	0
agua	0
ambición	0
amigo	0
sacrificio	0
junta	0
recomendación	0
obrero	0
nariz	0
agricultura	0
calmar	0
cumplir	0
ocurrir	0
colega	0
obstáculo	0
escritura	0
asustar	0
cama	0
cargado	0
ventajoso	0
peculiar	0
soberanía	0
enriquecer	0
existente	0
olor	0
importante	0
segundo	0
desplegar	0
pendiente	0
consentimiento	0
palabra	0
aprovechar	0
insecto	0
molestia	0
acaecido	0
salir	0
agregar	0
concesión	0
aclarar	0
instrumento	0
brindar	0
semejanza	0
prueba	0
separar	0
pollo	0
esfuerzo	0
fracaso	0
visitar	0
reunir	0
ave	0
reforzar	0
polaco	0
representativo	0
prestar	0
favorito	0
codo	0
neto	0
permanecer	0
ocasionado	0
autorizar	0
homogéneo	0
hospital	0
sexo	0
sembrar	0
cuadrado	0
emprender	0
limpiar	0
sentar	0
introducir	0
encender	0
corregir	0
fallar	0
escenario	0
afán	0
cría	0
bomba	0
perfeccionar	0
arbitrario	0
encerrar	0
marco	0
distrito	0
alquiler	0
consultar	0
bebida	0
identificar	0
burlar	0
talento	0
maquinaria	0
roca	0
colonia	0
tal	0
cometer	0
hacer	0
clima	0
cultura	0
entrevista	0
adoptar	0
forzar	0
observación	0
destruir	0
subterráneo	0
pertinente	0
padre	0
ver	0
conseguir	0
trampa	0
esposo	0
cámara	0
soldado	0
completo	0
bandera	0
instar	0
mero	0
venir	0
particular	0
animar	0
saber	0
aconsejar	0
barco	0
equivocar	0
causar	0
confuso	0
saltar	0
existencia	0
rico	0
pedazo	0
extranjero	0
discutir	0
sacar	0
entretanto	0
denso	0
irregular	0
adivinar	0
colaborar	0
brazo	0
desviar	0
agarrar	0
ilusión	0
rueda	0
inicial	0
amar	0
pelo	0
inminente	0
persuadir	0
esperanza	0
social	0
socialista	0
colegio	0
redactar	0
establecimiento	0
difícil	0
moderar	0
coger	0
esencia	0
tributo	0
extender	0
hallar	0
sangriento	0
fabricado	0
lago	0
carácter	0
cantidad	0
volver	0
cruel	0
vertical	0
prolongado	0
desear	0
hueso	0
egipcio	0
ofrecer	0
guerra	0
presidido	0
subir	0
avanzado	0
universo	0
ordenar	0
par	0
científico	0
blando	0
tener	0
mandar	0
maíz	0
urgente	0
rostro	0
masculino	0
comodidad	0
moderado	0
tardío	0
astuto	0
subsistir	0
provincial	0
pacífico	0
cadáver	0
rodear	0
dictamen	0
pobre	0
patria	0
cinismo	0
tropa	0
mamá	0
dominar	0
bastar	0
ajustar	0
cláusula	0
temeroso	0
vino	0
limitado	0
hielo	0
conquista	0
vigilar	0
sólido	0
saliente	0
imperfecto	0
imitar	0
padecimiento	0
disciplina	0
aspiración	0
unir	0
rigor	0
tubo	0
formado	0
curar	0
reservar	0
país	0
esclarecer	0
nave	0
esforzar	0
primavera	0
romper	0
prohibir	0
fundado	0
superficial	0
precepto	0
religioso	0
levantar	0
ideal	0
hábil	0
apasionado	0
asimilación	0
moratoria	0
ciencia	0
prevalecer	0
restablecer	0
puerto	0
caza	0
triste	0
inútil	0
ambiguo	0
difundir	0
generosidad	0
interrogar	0
tratar	0
iluminar	0
colocado	0
espiritual	0
dotado	0
ignorancia	0
herencia	0
concluir	0
solución	0
petición	0
sustentar	0
industria	0
permitir	0
contestar	0
pulmón	0
alterar	0
nieve	0
literatura	0
transparente	0
ejército	0
copiar	0
legalidad	0
trozo	0
revolución	0
cola	0
mejor	0
quedar	0
liberalismo	0
seco	0
vegetal	0
ala	0
ajeno	0
negar	0
arca	0
poquito	0
preceder	0
gordo	0
renunciar	0
llamado	0
oscuridad	0
docena	0
modesto	0
señalado	0
notificar	0
entender	0
selva	0
practicar	0
impedir	0
estudiar	0
severo	0
consumo	0
inteligente	0
gestionar	0
pariente	0
influir	0
comer	0
aéreo	0
dar	0
metal	0
emplear	0
vasta	0
íntimo	0
enseñar	0
minuto	0
humillante	0
imprudente	0
poseer	0
prolongar	0
recíproco	0
versar	0
momento	0
pájaro	0
reunión	0
azúcar	0
lavar	0
ferrocarril	0
marchar	0
guardar	0
transportar	0
cesar	0
concertar	0
oportuno	0
escasez	0
civilización	0
federal	0
cubano	0
advertir	0
dejar	0
leche	0
panorama	0
sumergir	0
construido	0
privilegio	0
recibir	0
forma	0
ayudar	0
entrar	0
belleza	0
militar	0
boca	0
ocupar	0
furioso	0
estudiante	0
pecho	0
descubrí	0
visión	0
multitud	0
pesado	0
otro	0
mantener	0
vano	0
poner	0
rojo	0
enemigo	0
canción	0
dudar	0
tristeza	0
necesidad	0
piso	0
entero	0
tomar	0
abuelo	0
producción	0
galería	0
mutuo	0
maravilla	0
traspasar	0
asumir	0
valle	0
juntar	0
depender	0
nacimiento	0
instrucción	0
ventaja	0
pierna	0
da	0
firme	0
arrogante	0
caballo	0
pintura	0
batalla	0
izquierdo	0
volar	0
surgir	0
indefinido	0
ignorante	0
cambiar	0
llegada	0
apropiado	0
mortífero	0
mover	0
inclinar	0
bonito	0
máquina	0
condición	0
despertar	0
beneficio	0
decadencia	0
parecido	0
natural	0
asistir	0
recurrir	0
oriental	0
continuar	0
químico	0
enterrar	0
cuartel	0
hombro	0
citar	0
relacionado	0
apremiante	0
causa	0
rasgo	0
escoger	0
hierba	0
turbulento	0
tolerante	0
predicar	0
antigüedad	0
puntualmente	0
socio	0
contribución	0
legítimo	0
oro	0
admirar	0
trasladar	0
sensible	0
solicitar	0
brutal	0
consecuencia	0
quemar	0
encontrar	0
montar	0
característico	0
fábrica	0
industrial	0
colocar	0
distribuido	0
aceptar	0
preguntar	0
inocente	0
estupendo	0
vivo	0
doloroso	0
terminar	0
llevar	0
alegría	0
compañero	0
formal	0
obtener	0
prudente	0
americano	0
ministerial	0
atacar	0
aprender	0
fuerte	0
católico	0
independiente	0
atenuar	0
escandaloso	0
tirar	0
depositar	0
maravilloso	0
clase	0
femenino	0
freno	0
remoto	0
conversación	0
habitual	0
arena	0
inherente	0
incitar	0
ejecutivo	0
franqueza	0
operar	0
revolucionario	0
pretender	0
nacionalidad	0
seda	0
banca	0
devolver	0
tiempo	0
cosa	0
comida	0
digno	0
cobre	0
dudoso	0
sentir	0
rata	0
preferir	0
oso	0
desigual	0
precoz	0
categoría	0
club	0
fomentar	0
fallido	0
idea	0
adecuado	0
santo	0
primitivo	0
hotel	0
perder	0
cima	0
largo	0
publicado	0
exclusivo	0
fértil	0
anticuado	0
público	0
nativo	0
desconocer	0
trastorno	0
formar	0
emanar	0
relativo	0
transformar	0
incansable	0
invisible	0
función	0
infinito	0
positivo	0
salvar	0
mental	0
analizar	0
restauración	0
diferencia	0
seguir	0
noche	0
traer	0
auténtico	0
indispensable	0
ganar	0
moralidad	0
real	0
arduo	0
divino	0
intentar	0
claro	0
dedicado	0
moderno	0
profesional	0
perseguir	0
mortal	0
accidental	0
abundante	0
disponible	0
acoger	0
comprar	0
beber	0
sutil	0
racional	0
lugar	0
anticipar	0
playa	0
hogar	0
amor	0
dramático	0
parcial	0
proceso	0
gravísimo	0
elegante	0
radical	0
vasto	0
cristiano	0
casar	0
escuela	0
instalar	0
transcurso	0
montaña	0
apagar	0
obligar	0
pensar	0
naturaleza	0
simpatía	0
lento	0
letra	0
hoja	0
acabar	0
línea	0
estrago	0
cierto	0
preferente	0
edificio	0
llegar	0
inflexible	0
encendido	0
débil	0
atrasado	0
jefe	0
opuesto	0
aula	0
decente	0
ratón	0
forzado	0
olvidar	0
nada	0
fundar	0
ángulo	0
inferior	0
equilibrio	0
habitación	0
beneficencia	0
blanco	0
brusco	0
usual	0
maligno	0
perturbación	0
bello	0
explorar	0
familia	0
ex	0
abajo	0
xviii	0
importantísimo	0
romano	0
nocturno	0
altura	0
miseria	0
mínimo	0
chileno	0
externo	0
moral	0
desagradable	0
viento	0
adquirir	0
año	0
atroz	0
parar	0
malo	0
gris	0
trasero	0
suficiente	0
persistente	0
semana	0
leer	0
influyente	0
apoyado	0
lado	0
nación	0
clásico	0
horno	0
agosto	0
perverso	0
elemental	0
fatal	0
modo	0
tienda	0
convencional	0
abrir	0
pesar	0
suerte	0
bajo	0
verde	0
nube	0
deber	0
privado	0
pared	0
sospecha	0
probar	0
crónico	0
colectivo	0
cultural	0
alejar	0
costar	0
secundario	0
simple	0
conveniencia	0
contagio	0
admirable	0
instante	0
pleno	0
valioso	0
tramo	0
variado	0
bajar	0
venganza	0
múltiple	0
erigir	0
borde	0
mal	0
problema	0
primero	0
explosivo	0
conceder	0
arreglar	0
alto	0
rodilla	0
reclamar	0
permanente	0
debilidad	0
perteneciente	0
mágico	0
mecánico	0
imperial	0
privilegiado	0
excepcional	0
mañana	0
convencer	0
siguiente	0
hierro	0
historia	0
doble	0
sol	0
adelante	0
menos	0
explicar	0
contraído	0
físicamente	0
inesperado	0
necesitar	0
práctico	0
combinado	0
satisfacer	0
cerca	0
ingente	0
acaso	0
delicado	0
asiático	0
desconocido	0
repartir	0
parlamentario	0
sacrificar	0
situado	0
septiembre	0
ciudad	0
vertiginoso	0
familiar	0
tocar	0
romántico	0
periodo	0
oscuro	0
brillante	0
mayo	0
único	0
diverso	0
miserable	0
significativo	0
óptico	0
presente	0
cuán	0
reanudar	0
teórico	0
metálico	0
cortar	0
ofensivo	0
petróleo	0
concreto	0
metro	0
azul	0
sintético	0
ni	0
conocí	0
este	0
negro	0
facilidad	0
madera	0
simbólico	0
horizontal	0
íntegro	0
abrazar	0
barrio	0
oficioso	0
mes	0
dominante	0
llorar	0
trágico	0
formidable	0
verano	0
ideológico	0
apreciable	0
baño	0
satisfactorio	0
enero	0
humilde	0
corto	0
misterioso	0
físico	0
cercano	0
educativo	0
aldea	0
americana	0
puro	0
frecuente	0
creado	0
espantoso	0
suave	0
violento	0
sagrado	0
implacable	0
estratégico	0
derribar	0
musical	0
juzgar	0
bolsillo	0
hostil	0
sistemático	0
generoso	0
manera	0
junio	0
tristemente	0
viviente	0
comparado	0
complejo	0
civilizado	0
penoso	0
contra	0
terrestre	0
próximo	0
benéfico	0
célebre	0
rápido	0
vigoroso	0
calle	0
agradable	0
reconocimiento	0
falso	0
causado	0
octubre	0
abril	0
leve	0
julio	0
fundamental	0
siglo	0
solemne	0
incesante	0
distante	0
grande	0
magnífico	0
cuantioso	0
rapidez	0
saludable	0
latino	0
entregar	0
semejante	0
desastroso	0
respectivo	0
supremo	0
caluroso	0
invierno	0
repetido	0
incipiente	0
japonés	0
desfavorable	0
famoso	0
eficaz	0
negativo	0
singular	0
quitar	0
luego	0
municipal	0
abierto	0
económico	0
caliente	0
constitucional	0
grave	0
noviembre	0
normal	0
callejero	0
minucioso	0
adentro	0
defender	0
meridional	0
colonial	0
noble	0
hasta	0
alguno	0
generación	0
patio	0
filosófico	0
mismo	0
horrible	0
británico	0
casa	0
académico	0
superior	0
perfectamente	0
evitar	0
ser	0
pasillo	0
eterno	0
pequeño	0
agrícola	0
potente	0
cielo	0
previo	0
cabida	0
etc.	0
vistazo	0
pasar	0
definitivo	0
producido	0
ciertamente	0
gigantesco	0
formalmente	0
afirmativo	0
elevado	0
determinado	0
amplio	0
argentino	0
peligroso	0
común	0
hermoso	0
heroico	0
precioso	0
burocrático	0
diferente	0
finalmente	0
campo	0
basado	0
exacto	0
estricto	0
profundo	0
provincia	0
habitar	0
literario	0
secular	0
lejos	0
humano	0
particularmente	0
época	0
cuanta	0
marzo	0
exótico	0
último	0
civil	0
favorable	0
diciembre	0
inmenso	0
naval	0
considerable	0
constante	0
lejano	0
creciente	0
poderoso	0
acerca	0
terrible	0
breve	0
amargo	0
intenso	0
efectivamente	0
bélico	0
anoche	0
arquitectónico	0
radicalmente	0
verbal	0
repentino	0
primordial	0
artístico	0
algodón	0
notable	0
obstante	0
geográfico	0
posterior	0
raro	0
correspondiente	0
enérgico	0
—	0
reciente	0
poder	0
escaso	0
intelectual	0
aparente	0
íntegramente	0
popular	0
extraordinario	0
felizmente	0
gravemente	0
directo	0
Afortunadamente	0
gradual	0
juvenil	0
enseguida	0
tropical	0
decididamente	0
incluso	0
interminable	0
encima	0
mayormente	0
pronto	0
riguroso	0
mercantil	0
principal	0
acá	0
provisional	0
corporal	0
doméstico	0
afortunadamente	0
extenso	0
legal	0
universal	0
anterior	0
primario	0
histórico	0
desde	0
colosal	0
junto	0
numeroso	0
comercial	0
absoluto	0
excesivo	0
político	0
haber	0
europeo	0
materno	0
plenamente	0
seguramente	0
vuestro	0
cotidiano	0
xix	0
democrático	0
mensual	0
clandestino	0
administrativo	0
digital	0
personalmente	0
francamente	0
antiguo	0
distinto	0
ahí	0
interno	0
libremente	0
a	0
enérgicamente	0
eléctrico	0
lentamente	0
jurídico	0
aun	0
embargo	0
allá	0
amistoso	0
verdadero	0
hoy	0
naturalmente	0
mayor	0
precisamente	0
enorme	0
asimismo	0
natal	0
propio	0
artificial	0
necesariamente	0
rural	0
atrás	0
innumerable	0
absolutamente	0
siempre	0
detenidamente	0
través	0
arriba	0
[	0
central	0
individual	0
mas	0
sencillamente	0
próximamente	0
relativamente	0
además	0
paralelamente	0
]	0
excelente	0
occidental	0
tradicional	0
diariamente	0
nuevo	0
nacional	0
infantil	0
comúnmente	0
repentinamente	0
definitivamente	0
brevemente	0
desgraciadamente	0
cerebral	0
exclusivamente	0
públicamente	0
evidentemente	0
tampoco	0
febrero	0
ayer	0
orgánico	0
apenas	0
únicamente	0
actual	0
propiamente	0
todavía	0
regularmente	0
enormemente	0
indudablemente	0
seriamente	0
uno	0
previamente	0
últimamente	0
extraordinariamente	0
inmediatamente	0
buen	0
excesivamente	0
políticamente	0
fuertemente	0
cuidadosamente	0
realmente	0
judicial	0
gradualmente	0
nunca	0
aparentemente	0
cuando	0
sólo	0
esencialmente	0
experimental	0
jamás	0
quizá	0
probablemente	0
allí	0
enteramente	0
constantemente	0
directamente	0
invariablemente	0
abiertamente	0
mutuamente	0
expresamente	0
frecuentemente	0
solamente	0
sinceramente	0
moralmente	0
electoral	0
duramente	0
verdaderamente	0
especial	0
no	0
simplemente	0
igualmente	0
recientemente	0
puramente	0
recién	0
quizás	0
casi	0
fácilmente	0
rápidamente	0
generalmente	0
estrictamente	0
atentamente	0
aquí	0
continuamente	0
más	0
posteriormente	0
oportunamente	0
totalmente	0
principalmente	0
profundamente	0
completamente	0
firmemente	0
ligeramente	0
ahora	0
aún	0
nuevamente	0
entonces	0
también	0
considerablemente	0
altamente	0
claramente	0
actualmente	0
anteriormente	0
sumamente	0
especialmente	0
estrechamente	0
gran	0
extremadamente	0
gracias	0
sra.	0
libras	0
matemática	0
veces	0
vistas	0
envíar	0
miren	0
confeír	0
pos	0
difícilmente	0
todos	0
permítamir	0
fines	0
estár	0
reúnir	0
creser	0
mediados	0
índole	0
dando	0
demá	0
harir	0
ÍNDICE	0
tan	0
modos	0
confíar	0
continúar	0
procurir	0
pudiser	0
véar	0
oímos	0
etc.ir	0
